item_id,decision,reason,code
25726036,drop,below-recall-gate,
26173873,drop,technical-only,
26173928,drop,below-recall-gate,
26401821,drop,below-recall-gate,
26584730,keep,,warning-cannot-be-satisfied
26584984,drop,technical-only,
26585159,keep,,informed-acceptance
26585220,drop,technical-only,
26585236,drop,technical-only,
26585307,drop,technical-only,
26585416,drop,technical-only,
26585483,drop,off-topic,
26585746,keep,,warning-cannot-be-satisfied
26776847,drop,below-recall-gate,
27453485,drop,below-recall-gate,
27672373,drop,technical-only,
27672560,drop,below-recall-gate,
28131515,drop,below-recall-gate,
28132981,drop,below-recall-gate,
29140459,drop,below-recall-gate,
29226864,drop,technical-only,
29227313,drop,below-recall-gate,
29227530,drop,below-recall-gate,
29227562,drop,below-recall-gate,
29227593,drop,off-topic,
29227628,drop,below-recall-gate,
29227727,drop,below-recall-gate,
29227995,drop,off-topic,
29228070,drop,off-topic,
29228096,drop,off-topic,
29228221,drop,off-topic,
29228341,drop,below-recall-gate,
29228477,drop,off-topic,
29228636,drop,below-recall-gate,
29228683,drop,below-recall-gate,
29228769,drop,below-recall-gate,
29229469,drop,below-recall-gate,
29229685,drop,off-topic,
29229735,drop,below-recall-gate,
29229905,drop,below-recall-gate,
29230166,drop,below-recall-gate,
29230418,drop,technical-only,
29230502,drop,below-recall-gate,
29230710,drop,below-recall-gate,
29231107,drop,below-recall-gate,
29231941,drop,below-recall-gate,
29232663,drop,off-topic,
29233254,drop,below-recall-gate,
29239173,drop,below-recall-gate,
29242864,drop,below-recall-gate,
29250081,drop,below-recall-gate,
29260051,drop,below-recall-gate,
29357993,drop,off-topic,
30214652,drop,off-topic,
30216137,drop,below-recall-gate,
30216841,drop,below-recall-gate,
30217243,drop,below-recall-gate,
30217385,drop,below-recall-gate,
30217460,drop,below-recall-gate,
30218486,drop,below-recall-gate,
30218643,drop,below-recall-gate,
30218983,drop,off-topic,
30219039,drop,below-recall-gate,
30219532,drop,below-recall-gate,
30219776,drop,below-recall-gate,
30219869,drop,below-recall-gate,
30219992,drop,below-recall-gate,
30220192,drop,below-recall-gate,
30220343,drop,below-recall-gate,
30220484,drop,below-recall-gate,
30220608,drop,below-recall-gate,
30221138,drop,below-recall-gate,
30228586,drop,below-recall-gate,
30232286,drop,below-recall-gate,
30233419,drop,below-recall-gate,
30235645,drop,off-topic,
30237216,drop,below-recall-gate,
30239806,drop,below-recall-gate,
31409616,drop,technical-only,
31409704,keep,kept-though-below-gate,informed-acceptance
31409852,drop,technical-only,
31411500,drop,below-recall-gate,
31417173,drop,below-recall-gate,
31420110,drop,below-recall-gate,
31453273,drop,off-topic,
31453423,drop,below-recall-gate,
31453490,drop,off-topic,
31453898,drop,off-topic,
31454061,drop,below-recall-gate,
31454102,drop,below-recall-gate,
31454885,drop,below-recall-gate,
31457599,drop,below-recall-gate,
31549457,drop,below-recall-gate,
31549591,drop,below-recall-gate,
31550565,drop,below-recall-gate,
31551710,drop,below-recall-gate,
31551765,drop,off-topic,
31559387,drop,off-topic,
31559528,drop,below-recall-gate,
31562168,drop,off-topic,
31614248,drop,below-recall-gate,
31614301,drop,below-recall-gate,
31614326,drop,below-recall-gate,
31614375,drop,below-recall-gate,
32039965,drop,off-topic,
32217718,drop,below-recall-gate,
32251262,drop,below-recall-gate,
32585258,drop,below-recall-gate,
32643547,drop,no-account,
32643638,drop,no-account,
32643682,drop,no-account,
32643691,drop,below-recall-gate,
32643855,drop,below-recall-gate,
32644494,drop,no-account,
32644913,drop,below-recall-gate,
33095644,drop,off-topic,
33096538,drop,below-recall-gate,
33096847,drop,below-recall-gate,
33107611,keep,,workaround-becomes-standard
33107694,drop,technical-only,
33107845,drop,below-recall-gate,
33111903,keep,,workaround-becomes-standard
33112247,keep,,trust-store-unmaintainable
33115324,drop,below-recall-gate,
33115854,drop,technical-only,
33117840,drop,technical-only,
33133644,keep,,informed-acceptance
33133720,drop,below-recall-gate,
33135103,drop,below-recall-gate,
33200193,drop,below-recall-gate,
33272862,drop,technical-only,
33418969,drop,below-recall-gate,
33433954,drop,below-recall-gate,
33521836,drop,technical-only,
33776703,drop,below-recall-gate,
34149176,drop,off-topic,
34152945,drop,off-topic,
34154053,drop,off-topic,
34156636,drop,below-recall-gate,
34159273,drop,below-recall-gate,
34328245,drop,technical-only,
34647054,drop,below-recall-gate,
34647791,drop,off-topic,
34653090,keep,,workaround-becomes-standard
34817163,drop,off-topic,
34817837,drop,below-recall-gate,
34881812,drop,technical-only,
34883154,drop,off-topic,
34969662,drop,below-recall-gate,
34970409,drop,off-topic,
34970696,drop,below-recall-gate,
34970834,drop,below-recall-gate,
34970906,drop,below-recall-gate,
35168499,drop,off-topic,
35168638,drop,below-recall-gate,
35168780,drop,below-recall-gate,
35169144,drop,below-recall-gate,
35427910,drop,below-recall-gate,
35793849,drop,below-recall-gate,
35800927,drop,below-recall-gate,
36349820,drop,below-recall-gate,
36491321,drop,below-recall-gate,
36498378,drop,below-recall-gate,
36505419,keep,,trust-store-unmaintainable
36505541,drop,below-recall-gate,
36505922,drop,technical-only,
36505958,keep,,trust-store-unmaintainable
36505980,drop,technical-only,
36506110,keep,,trust-store-unmaintainable
36506146,drop,technical-only,
36506195,keep,,org-friction-as-cause
36506230,drop,below-recall-gate,
36506246,keep,,warning-cannot-be-satisfied
36506258,keep,,workaround-becomes-standard
36506755,keep,,org-friction-as-cause
36506843,drop,technical-only,
36507168,keep,,habituation-by-design
36507242,drop,technical-only,
36507332,keep,,warning-cannot-be-satisfied
36507341,keep,,habituation-by-design
36507719,drop,below-recall-gate,
36507921,keep,,warning-cannot-be-satisfied
36508005,keep,,warning-cannot-be-satisfied
36508087,keep,,removing-the-warning-is-the-goal
36508293,drop,below-recall-gate,
36508450,drop,technical-only,
36508463,drop,below-recall-gate,
36508908,drop,technical-only,
36509383,drop,technical-only,
36509461,drop,below-recall-gate,
36510367,keep,,trust-store-unmaintainable
36511079,drop,below-recall-gate,
36512276,keep,,trust-store-unmaintainable
36513298,drop,below-recall-gate,
36513357,drop,technical-only,
36513476,keep,,workaround-becomes-standard
36513603,drop,below-recall-gate,
36527960,drop,below-recall-gate,
36529757,drop,below-recall-gate,
36579602,drop,below-recall-gate,
36732692,drop,off-topic,
36733171,drop,below-recall-gate,
36733594,drop,below-recall-gate,
36734268,drop,below-recall-gate,
36736673,drop,below-recall-gate,
36742214,drop,off-topic,
36754061,drop,below-recall-gate,
36755565,drop,below-recall-gate,
37084400,drop,below-recall-gate,
37084753,drop,off-topic,
37086546,drop,below-recall-gate,
37092684,drop,off-topic,
37094247,drop,below-recall-gate,
37096694,drop,off-topic,
37098441,drop,below-recall-gate,
37102720,drop,below-recall-gate,
37216150,drop,below-recall-gate,
37216214,drop,below-recall-gate,
37216458,drop,below-recall-gate,
37216531,drop,below-recall-gate,
37216694,drop,below-recall-gate,
37217206,drop,off-topic,
37321957,keep,,warning-cannot-be-satisfied
37495679,drop,below-recall-gate,
37968992,drop,below-recall-gate,
37969192,drop,below-recall-gate,
37971050,drop,below-recall-gate,
37971170,drop,below-recall-gate,
37972821,drop,below-recall-gate,
37974521,drop,below-recall-gate,
37983038,drop,below-recall-gate,
38036203,drop,below-recall-gate,
38036204,drop,technical-only,
38036771,drop,technical-only,
38036833,drop,technical-only,
38036950,drop,below-recall-gate,
38037654,drop,below-recall-gate,
38037780,drop,below-recall-gate,
38039425,keep,,workaround-becomes-standard
38502051,drop,below-recall-gate,
38542112,drop,off-topic,
38548730,drop,off-topic,
38554557,drop,below-recall-gate,
38708450,drop,below-recall-gate,
38796567,drop,below-recall-gate,
38861171,drop,below-recall-gate,
38828564,drop,off-topic,
38989653,drop,below-recall-gate,
39249237,drop,below-recall-gate,
39486035,drop,technical-only,
39737209,keep,,warning-cannot-be-satisfied
39748034,keep,,workaround-becomes-standard
39974850,drop,off-topic,
40005354,drop,off-topic,
40017198,drop,below-recall-gate,
40088420,drop,below-recall-gate,
40088421,keep,,vendor-undermines-trust
40096847,drop,below-recall-gate,
40146382,drop,below-recall-gate,
40335948,drop,below-recall-gate,
40458675,drop,below-recall-gate,
40637657,drop,off-topic,
40701410,drop,below-recall-gate,
40773428,drop,below-recall-gate,
40776993,drop,off-topic,
40775290,drop,below-recall-gate,
40818587,drop,below-recall-gate,
40818607,drop,below-recall-gate,
41219932,drop,off-topic,
41224852,drop,off-topic,
41351356,drop,technical-only,
41352860,drop,below-recall-gate,
41354645,drop,technical-only,
41367750,drop,technical-only,
41368478,drop,below-recall-gate,
41368611,drop,below-recall-gate,
41369317,drop,below-recall-gate,
41369500,drop,below-recall-gate,
41369570,drop,off-topic,
41369674,drop,below-recall-gate,
41369724,drop,below-recall-gate,
41370508,drop,below-recall-gate,
41370782,drop,off-topic,
41370908,drop,below-recall-gate,
41371142,drop,below-recall-gate,
41371163,drop,below-recall-gate,
41371242,drop,below-recall-gate,
41371354,drop,below-recall-gate,
41371521,drop,below-recall-gate,
41371671,drop,below-recall-gate,
41372870,drop,below-recall-gate,
41374166,drop,below-recall-gate,
41374242,drop,below-recall-gate,
41376271,drop,below-recall-gate,
41376660,drop,below-recall-gate,
41377000,drop,below-recall-gate,
41378796,drop,below-recall-gate,
41379938,drop,below-recall-gate,
41443659,drop,below-recall-gate,
41433900,drop,technical-only,
41436340,keep,,habituation-by-design
41480034,keep,,sanctioned-mitm
41481910,keep,,sanctioned-mitm
41481915,drop,technical-only,
41481955,drop,technical-only,
41481968,drop,technical-only,
41481981,drop,below-recall-gate,
41481992,drop,off-topic,
41482009,keep,,informed-acceptance
41482062,drop,below-recall-gate,
41482108,drop,below-recall-gate,
41482145,keep,,sanctioned-mitm
41482152,drop,below-recall-gate,
41482155,drop,below-recall-gate,
41482169,drop,technical-only,
41482312,keep,,sanctioned-mitm
41482335,drop,below-recall-gate,
41482366,drop,technical-only,
41482393,drop,below-recall-gate,
41482476,drop,off-topic,
41482502,drop,below-recall-gate,
41482609,keep,,sanctioned-mitm
41482778,drop,technical-only,
41482843,drop,technical-only,
41482898,drop,below-recall-gate,
41484469,drop,technical-only,
41484762,drop,below-recall-gate,
41493233,drop,below-recall-gate,
41493346,drop,below-recall-gate,
41619394,drop,off-topic,
41631175,drop,below-recall-gate,
41712089,drop,technical-only,
41717514,drop,below-recall-gate,
41730291,drop,below-recall-gate,
41763859,drop,off-topic,
41945805,drop,below-recall-gate,
41945827,drop,below-recall-gate,
42158038,drop,below-recall-gate,
42158052,drop,below-recall-gate,
42158128,drop,below-recall-gate,
42158206,drop,below-recall-gate,
42158403,drop,below-recall-gate,
42158538,drop,below-recall-gate,
42191770,drop,below-recall-gate,
42480075,drop,below-recall-gate,
42509161,drop,off-topic,
42586941,drop,off-topic,
42625595,drop,below-recall-gate,
42701258,drop,no-account,
42701460,drop,below-recall-gate,
42729190,drop,off-topic,
42779844,drop,below-recall-gate,
42887216,drop,below-recall-gate,
42960396,drop,off-topic,
42960754,drop,below-recall-gate,
42961619,drop,below-recall-gate,
43078705,drop,below-recall-gate,
43083687,drop,below-recall-gate,
43084370,drop,technical-only,
43084397,drop,below-recall-gate,
43084504,drop,below-recall-gate,
43084580,drop,technical-only,
43084783,keep,,warning-cannot-be-satisfied
43084818,drop,below-recall-gate,
43085175,keep,,removing-the-warning-is-the-goal
43086072,keep,,informed-acceptance
43086463,drop,below-recall-gate,
43087666,drop,below-recall-gate,
43088220,drop,below-recall-gate,
43088449,drop,below-recall-gate,
43088786,keep,,removing-the-warning-is-the-goal
43089241,drop,technical-only,
43093406,drop,below-recall-gate,
43102581,drop,below-recall-gate,
43273506,drop,below-recall-gate,
43273575,drop,below-recall-gate,
43273810,drop,below-recall-gate,
43273904,drop,below-recall-gate,
43282179,drop,below-recall-gate,
43295230,drop,below-recall-gate,
43295429,drop,below-recall-gate,
43296225,drop,below-recall-gate,
43469804,drop,below-recall-gate,
43480665,drop,technical-only,
43484555,drop,below-recall-gate,
43576487,drop,off-topic,
43604157,drop,off-topic,
43607710,drop,below-recall-gate,
43682793,drop,below-recall-gate,
43623943,drop,below-recall-gate,
43624321,drop,off-topic,
43674094,drop,below-recall-gate,
43678490,drop,below-recall-gate,
43679809,drop,off-topic,
43680508,drop,below-recall-gate,
43688942,drop,below-recall-gate,
43690462,drop,below-recall-gate,
43710761,drop,below-recall-gate,
43713234,drop,below-recall-gate,
43713435,drop,below-recall-gate,
43716914,drop,below-recall-gate,
43719048,drop,below-recall-gate,
43734542,drop,below-recall-gate,
43756142,drop,off-topic,
43821049,drop,off-topic,
43886864,drop,below-recall-gate,
43928118,drop,technical-only,
43928372,drop,off-topic,
43928485,drop,below-recall-gate,
43928491,drop,below-recall-gate,
43928572,drop,below-recall-gate,
43928612,drop,below-recall-gate,
43928686,drop,below-recall-gate,
43928788,drop,below-recall-gate,
43928897,drop,below-recall-gate,
43929025,drop,below-recall-gate,
43929154,drop,below-recall-gate,
43929366,drop,off-topic,
43929443,drop,below-recall-gate,
43929445,drop,below-recall-gate,
43929649,drop,technical-only,
43929883,drop,below-recall-gate,
43929991,drop,below-recall-gate,
43930126,drop,below-recall-gate,
43930265,drop,below-recall-gate,
43930407,drop,below-recall-gate,
43930474,drop,below-recall-gate,
43930904,drop,off-topic,
43931152,drop,below-recall-gate,
43931197,drop,off-topic,
43931309,drop,below-recall-gate,
43932173,drop,below-recall-gate,
43932260,drop,below-recall-gate,
43932323,drop,below-recall-gate,
43932392,drop,technical-only,
43932722,drop,below-recall-gate,
43932921,drop,below-recall-gate,
43933105,drop,off-topic,
43933140,drop,below-recall-gate,
43933269,drop,below-recall-gate,
43933340,drop,below-recall-gate,
43933386,drop,below-recall-gate,
43933457,drop,below-recall-gate,
43933509,drop,below-recall-gate,
43933601,drop,below-recall-gate,
43933698,drop,below-recall-gate,
43934168,drop,below-recall-gate,
43935573,drop,below-recall-gate,
43936478,drop,below-recall-gate,
43928374,drop,below-recall-gate,
43928466,drop,below-recall-gate,
43953014,drop,technical-only,
43959656,drop,below-recall-gate,
43977973,drop,off-topic,
43978433,drop,below-recall-gate,
43979651,drop,below-recall-gate,
44031404,keep,,warning-cannot-be-satisfied
44031473,drop,below-recall-gate,
44133072,drop,off-topic,
44134533,drop,below-recall-gate,
44135480,keep,,warning-cannot-be-satisfied
44143995,keep,,workaround-becomes-standard
44160873,drop,below-recall-gate,
44162584,drop,off-topic,
44161152,drop,below-recall-gate,
44161187,drop,below-recall-gate,
44161523,drop,below-recall-gate,
44168306,drop,off-topic,
44168627,drop,off-topic,
44183000,drop,off-topic,
44184563,drop,below-recall-gate,
44185237,drop,below-recall-gate,
44185282,drop,below-recall-gate,
44245320,drop,off-topic,
44246247,drop,technical-only,
44268434,drop,below-recall-gate,
44280247,drop,below-recall-gate,
44290513,drop,off-topic,
44298562,keep,,warning-cannot-be-satisfied
44311613,drop,off-topic,
44312085,drop,below-recall-gate,
44314063,drop,technical-only,
44325276,drop,below-recall-gate,
44328373,drop,below-recall-gate,
44328516,drop,below-recall-gate,
44328837,drop,below-recall-gate,
44328852,drop,below-recall-gate,
44328872,drop,below-recall-gate,
44328873,drop,below-recall-gate,
44328890,drop,below-recall-gate,
44328896,drop,below-recall-gate,
44328901,drop,below-recall-gate,
44328915,drop,below-recall-gate,
44328968,drop,below-recall-gate,
44328974,drop,below-recall-gate,
44328989,drop,below-recall-gate,
44328998,drop,below-recall-gate,
44329007,drop,below-recall-gate,
44329014,drop,below-recall-gate,
44329025,drop,below-recall-gate,
44329071,drop,below-recall-gate,
44329172,drop,off-topic,
44329235,drop,below-recall-gate,
44329301,drop,below-recall-gate,
44329588,drop,off-topic,
44329814,drop,technical-only,
44329848,drop,below-recall-gate,
44329963,drop,off-topic,
44330154,drop,below-recall-gate,
44330210,drop,below-recall-gate,
44330402,drop,below-recall-gate,
44337989,drop,below-recall-gate,
44346935,drop,below-recall-gate,
44350611,drop,below-recall-gate,
44424041,drop,off-topic,
44424888,drop,technical-only,
44424919,drop,below-recall-gate,
44424984,drop,off-topic,
44424987,drop,below-recall-gate,
44424994,drop,below-recall-gate,
44425084,drop,below-recall-gate,
44425085,drop,off-topic,
44425110,drop,below-recall-gate,
44425137,drop,below-recall-gate,
44425401,drop,below-recall-gate,
44427532,drop,below-recall-gate,
44432991,drop,below-recall-gate,
44475916,drop,technical-only,
44519567,drop,off-topic,
44542185,drop,below-recall-gate,
44570436,drop,off-topic,
44571195,drop,below-recall-gate,
44571294,drop,below-recall-gate,
44571382,drop,below-recall-gate,
44571977,drop,below-recall-gate,
44581268,drop,off-topic,
44619624,drop,off-topic,
44619655,drop,off-topic,
44619778,drop,below-recall-gate,
44626811,drop,off-topic,
44703127,drop,below-recall-gate,
44747542,drop,below-recall-gate,
44747543,drop,off-topic,
44769960,drop,off-topic,
44770115,drop,below-recall-gate,
44770243,drop,below-recall-gate,
44801653,drop,off-topic,
44811382,drop,off-topic,
44827527,drop,below-recall-gate,
44836358,drop,below-recall-gate,
44863646,drop,below-recall-gate,
44874774,drop,below-recall-gate,
44879984,drop,below-recall-gate,
44885776,drop,below-recall-gate,
44930204,drop,below-recall-gate,
44932137,drop,below-recall-gate,
44932355,drop,below-recall-gate,
44932434,keep,,control-teaches-opposite
44941132,drop,below-recall-gate,
44941422,keep,,control-teaches-opposite
44942576,drop,below-recall-gate,
44950133,drop,below-recall-gate,
44972239,drop,technical-only,
44972564,drop,below-recall-gate,
44973758,drop,technical-only,
44974307,drop,below-recall-gate,
44974334,drop,below-recall-gate,
44974410,drop,below-recall-gate,
44974453,drop,off-topic,
44974532,drop,below-recall-gate,
44974643,drop,below-recall-gate,
44975282,drop,below-recall-gate,
44975618,drop,off-topic,
44975649,drop,below-recall-gate,
44975775,drop,below-recall-gate,
44976492,drop,below-recall-gate,
44976625,drop,below-recall-gate,
44976713,drop,below-recall-gate,
44976882,drop,below-recall-gate,
44977524,drop,below-recall-gate,
44978969,drop,off-topic,
44980044,drop,below-recall-gate,
44980188,drop,technical-only,
44980382,drop,below-recall-gate,
44981420,drop,below-recall-gate,
44992743,drop,below-recall-gate,
44983472,drop,off-topic,
45008915,drop,off-topic,
45010742,drop,off-topic,
45012858,drop,off-topic,
45012938,drop,off-topic,
45035409,drop,below-recall-gate,
45026337,drop,below-recall-gate,
45120283,drop,technical-only,
45159382,drop,off-topic,
45192439,drop,off-topic,
45192758,drop,off-topic,
45206793,drop,below-recall-gate,
45218483,drop,off-topic,
45263722,drop,off-topic,
45264175,drop,below-recall-gate,
45338887,drop,below-recall-gate,
45373615,drop,below-recall-gate,
45373822,drop,below-recall-gate,
45390897,drop,below-recall-gate,
45426287,drop,below-recall-gate,
45418719,drop,below-recall-gate,
45426033,drop,below-recall-gate,
45444539,drop,technical-only,
45461258,drop,off-topic,
45529577,drop,below-recall-gate,
45530607,drop,below-recall-gate,
45530628,drop,below-recall-gate,
45530675,drop,below-recall-gate,
45530790,keep,,control-teaches-opposite
45530826,keep,,control-teaches-opposite
45530849,drop,below-recall-gate,
45530853,drop,below-recall-gate,
45530884,drop,below-recall-gate,
45530891,keep,,control-teaches-opposite
45530916,drop,below-recall-gate,
45530952,drop,below-recall-gate,
45530953,drop,below-recall-gate,
45531035,drop,below-recall-gate,
45531080,drop,below-recall-gate,
45531108,drop,below-recall-gate,
45531134,keep,,control-as-liability-transfer
45531149,drop,below-recall-gate,
45531182,drop,below-recall-gate,
45531187,drop,below-recall-gate,
45531217,drop,below-recall-gate,
45531243,drop,below-recall-gate,
45531248,drop,below-recall-gate,
45531278,drop,below-recall-gate,
45531283,drop,below-recall-gate,
45531308,drop,below-recall-gate,
45531329,keep,,control-teaches-opposite
45531438,keep,,org-friction-as-cause
45531623,keep,,control-as-liability-transfer
45531626,drop,below-recall-gate,
45531657,drop,below-recall-gate,
45531667,drop,below-recall-gate,
45531744,drop,below-recall-gate,
45531952,drop,below-recall-gate,
45532038,drop,below-recall-gate,
45532129,drop,below-recall-gate,
45532467,drop,below-recall-gate,
45532469,keep,,control-teaches-opposite
45532515,keep,,control-teaches-opposite
45532552,drop,below-recall-gate,
45532566,drop,below-recall-gate,
45532621,drop,below-recall-gate,
45532669,drop,below-recall-gate,
45532736,keep,,control-teaches-opposite
45532751,drop,below-recall-gate,
45532861,drop,below-recall-gate,
45532875,keep,,control-as-liability-transfer
45532990,keep,,control-as-liability-transfer
45533002,drop,below-recall-gate,
45533011,drop,below-recall-gate,
45533372,drop,below-recall-gate,
45533486,drop,below-recall-gate,
45533709,drop,below-recall-gate,
45533836,keep,,habituation-by-design
45533838,drop,below-recall-gate,
45534002,drop,below-recall-gate,
45534624,keep,,org-friction-as-cause
45534755,keep,,control-teaches-opposite
45534801,drop,below-recall-gate,
45535130,drop,below-recall-gate,
45535480,drop,below-recall-gate,
45538431,drop,below-recall-gate,
45538766,drop,below-recall-gate,
45539888,keep,,control-teaches-opposite
45545018,drop,below-recall-gate,
45620711,keep,,control-teaches-opposite
45565965,drop,off-topic,
45581223,drop,below-recall-gate,
45636127,drop,below-recall-gate,
45643144,keep,,warning-cannot-be-satisfied
45645902,drop,below-recall-gate,
45646113,drop,off-topic,
45646144,drop,below-recall-gate,
45646341,drop,below-recall-gate,
45646547,drop,below-recall-gate,
45647062,drop,off-topic,
45648788,drop,below-recall-gate,
45684298,drop,off-topic,
45722635,drop,below-recall-gate,
45723688,drop,below-recall-gate,
45723975,drop,below-recall-gate,
45724184,drop,below-recall-gate,
45724607,drop,below-recall-gate,
45724967,drop,off-topic,
45725014,drop,below-recall-gate,
45725228,drop,below-recall-gate,
45725243,drop,below-recall-gate,
45725630,drop,below-recall-gate,
45725904,drop,below-recall-gate,
45728367,drop,below-recall-gate,
45728863,drop,below-recall-gate,
45755673,drop,below-recall-gate,
45792040,drop,off-topic,
45792837,drop,below-recall-gate,
45793868,drop,below-recall-gate,
45794114,drop,below-recall-gate,
45794129,drop,below-recall-gate,
45794326,drop,below-recall-gate,
45804343,drop,off-topic,
45824972,drop,below-recall-gate,
45839357,drop,below-recall-gate,
45841428,drop,below-recall-gate,
45883706,drop,below-recall-gate,
45930659,drop,off-topic,
45931364,drop,below-recall-gate,
45932213,drop,off-topic,
45932458,drop,below-recall-gate,
45932611,drop,below-recall-gate,
45932638,drop,below-recall-gate,
45933510,drop,below-recall-gate,
45934800,drop,below-recall-gate,
45934822,drop,below-recall-gate,
45935533,drop,below-recall-gate,
45936029,drop,below-recall-gate,
45938546,drop,below-recall-gate,
45940483,drop,below-recall-gate,
45975839,drop,below-recall-gate,
46095355,drop,below-recall-gate,
46211746,drop,below-recall-gate,
46212016,drop,below-recall-gate,
46219951,drop,off-topic,
46271367,drop,below-recall-gate,
46272582,drop,below-recall-gate,
46273188,drop,below-recall-gate,
46275572,drop,below-recall-gate,
46278182,drop,below-recall-gate,
46284132,drop,below-recall-gate,
46290625,drop,below-recall-gate,
46304620,drop,off-topic,
46361552,drop,off-topic,
46361575,drop,below-recall-gate,
46361589,drop,below-recall-gate,
46363374,drop,below-recall-gate,
46367310,drop,off-topic,
46383076,drop,below-recall-gate,
46384136,drop,below-recall-gate,
46388558,drop,below-recall-gate,
46409307,drop,off-topic,
46434236,drop,technical-only,
46435112,drop,below-recall-gate,
46434650,drop,below-recall-gate,
46468013,drop,below-recall-gate,
46469194,drop,below-recall-gate,
46486930,drop,below-recall-gate,
46492774,drop,off-topic,
46493150,drop,off-topic,
46493151,drop,below-recall-gate,
46493157,drop,below-recall-gate,
46493336,drop,below-recall-gate,
46493492,drop,below-recall-gate,
46493577,drop,below-recall-gate,
46494101,drop,below-recall-gate,
46494317,drop,below-recall-gate,
46494407,drop,below-recall-gate,
46494440,drop,below-recall-gate,
46494507,drop,below-recall-gate,
46494524,drop,below-recall-gate,
46494663,drop,below-recall-gate,
46494870,drop,below-recall-gate,
46495039,drop,below-recall-gate,
46495069,drop,below-recall-gate,
46495102,drop,below-recall-gate,
46495424,drop,below-recall-gate,
46495439,drop,below-recall-gate,
46495548,drop,below-recall-gate,
46496421,drop,below-recall-gate,
46496822,drop,below-recall-gate,
46496870,drop,below-recall-gate,
46498293,drop,off-topic,
46498606,drop,below-recall-gate,
46509089,drop,below-recall-gate,
46514632,drop,technical-only,
46614015,drop,technical-only,
46614026,drop,below-recall-gate,
46620131,drop,below-recall-gate,
46648215,drop,technical-only,
46670181,drop,below-recall-gate,
46671339,drop,below-recall-gate,
46672035,drop,below-recall-gate,
46672183,drop,below-recall-gate,
46672317,drop,below-recall-gate,
46672369,drop,below-recall-gate,
46672600,drop,below-recall-gate,
46672638,drop,below-recall-gate,
46672685,drop,below-recall-gate,
46672738,drop,below-recall-gate,
46672793,drop,below-recall-gate,
46672795,drop,technical-only,
46673555,drop,below-recall-gate,
46674202,drop,off-topic,
46674219,drop,below-recall-gate,
46674422,drop,below-recall-gate,
46674868,drop,below-recall-gate,
46674917,drop,below-recall-gate,
46675037,drop,below-recall-gate,
46675046,drop,below-recall-gate,
46675054,drop,below-recall-gate,
46675406,drop,below-recall-gate,
46675437,drop,below-recall-gate,
46675824,drop,below-recall-gate,
46675897,drop,off-topic,
46677892,drop,below-recall-gate,
46686417,drop,below-recall-gate,
46686684,drop,below-recall-gate,
46686704,drop,below-recall-gate,
46753184,drop,off-topic,
46753200,drop,below-recall-gate,
46673378,drop,below-recall-gate,
46706796,drop,off-topic,
46707437,drop,below-recall-gate,
46707504,drop,below-recall-gate,
46707535,drop,off-topic,
46707592,drop,off-topic,
46707650,drop,technical-only,
46707657,drop,below-recall-gate,
46707762,drop,below-recall-gate,
46707773,drop,below-recall-gate,
46707810,drop,below-recall-gate,
46707841,drop,below-recall-gate,
46707969,drop,below-recall-gate,
46708052,drop,below-recall-gate,
46708157,drop,below-recall-gate,
46708170,drop,off-topic,
46708238,drop,below-recall-gate,
46708242,drop,below-recall-gate,
46708336,drop,below-recall-gate,
46708456,drop,below-recall-gate,
46708546,drop,below-recall-gate,
46708634,drop,below-recall-gate,
46708648,drop,below-recall-gate,
46708667,drop,below-recall-gate,
46708887,drop,below-recall-gate,
46708983,drop,technical-only,
46709003,drop,below-recall-gate,
46709025,drop,below-recall-gate,
46709088,drop,below-recall-gate,
46709161,drop,below-recall-gate,
46709304,drop,below-recall-gate,
46709403,drop,below-recall-gate,
46709440,drop,below-recall-gate,
46710345,drop,below-recall-gate,
46710484,drop,below-recall-gate,
46710633,drop,below-recall-gate,
46710904,drop,below-recall-gate,
46711014,drop,below-recall-gate,
46711072,drop,off-topic,
46711196,drop,below-recall-gate,
46711336,drop,off-topic,
46711494,drop,below-recall-gate,
46711713,drop,below-recall-gate,
46711797,drop,below-recall-gate,
46717453,drop,below-recall-gate,
46822280,drop,technical-only,
46822304,drop,below-recall-gate,
46717480,drop,off-topic,
46774527,drop,below-recall-gate,
46776065,drop,below-recall-gate,
46779485,drop,technical-only,
46781197,drop,below-recall-gate,
46784059,drop,below-recall-gate,
46779540,drop,off-topic,
46791944,drop,below-recall-gate,
46796514,drop,off-topic,
46824361,drop,off-topic,
46824506,drop,below-recall-gate,
46825071,drop,below-recall-gate,
46885212,drop,off-topic,
46886176,drop,off-topic,
46893051,drop,below-recall-gate,
46896630,drop,off-topic,
46887332,drop,off-topic,
46888000,drop,below-recall-gate,
46895010,drop,off-topic,
46930917,drop,below-recall-gate,
47077762,drop,below-recall-gate,
46966879,drop,off-topic,
46968970,drop,below-recall-gate,
46973084,drop,below-recall-gate,
46973537,drop,off-topic,
46973691,drop,technical-only,
46987895,drop,below-recall-gate,
46988290,drop,off-topic,
47152030,drop,technical-only,
46992058,drop,off-topic,
46996368,drop,off-topic,
47006768,drop,off-topic,
47012263,drop,technical-only,
47022738,drop,below-recall-gate,
47032334,drop,below-recall-gate,
47089618,drop,below-recall-gate,
47035530,drop,below-recall-gate,
47046308,drop,below-recall-gate,
47049848,drop,below-recall-gate,
47050676,drop,below-recall-gate,
47050777,drop,below-recall-gate,
47050858,drop,below-recall-gate,
47050944,drop,below-recall-gate,
47054080,drop,below-recall-gate,
47057216,drop,technical-only,
47071286,drop,off-topic,
47073914,drop,off-topic,
47081981,drop,off-topic,
47124945,drop,off-topic,
47097362,drop,below-recall-gate,
47097958,drop,below-recall-gate,
47099327,drop,below-recall-gate,
47107817,drop,below-recall-gate,
47116627,drop,below-recall-gate,
47139442,drop,below-recall-gate,
47100335,drop,off-topic,
47104548,drop,below-recall-gate,
47107560,drop,off-topic,
47122277,drop,off-topic,
47128665,drop,below-recall-gate,
47144995,drop,below-recall-gate,
47148470,drop,off-topic,
47165602,drop,off-topic,
47170178,drop,below-recall-gate,
47171518,drop,below-recall-gate,
47171605,drop,below-recall-gate,
47172026,drop,technical-only,
47176539,drop,below-recall-gate,
47182362,drop,off-topic,
47199713,drop,below-recall-gate,
47238140,drop,off-topic,
47271445,drop,below-recall-gate,
47276916,drop,off-topic,
47291962,drop,off-topic,
47291969,drop,below-recall-gate,
47196050,drop,below-recall-gate,
47199626,drop,off-topic,
47223802,drop,off-topic,
47241821,drop,off-topic,
47246180,drop,off-topic,
47247689,drop,off-topic,
47256849,drop,off-topic,
47256862,drop,below-recall-gate,
47261911,drop,off-topic,
47266231,drop,off-topic,
47271099,drop,off-topic,
47282926,drop,below-recall-gate,
47282984,drop,below-recall-gate,
47282997,drop,off-topic,
47285403,drop,below-recall-gate,
47290457,drop,below-recall-gate,
47290827,drop,below-recall-gate,
47290865,drop,below-recall-gate,
47290929,drop,below-recall-gate,
47291061,drop,below-recall-gate,
47291080,drop,below-recall-gate,
47291082,drop,below-recall-gate,
47291095,drop,below-recall-gate,
47291096,drop,below-recall-gate,
47291105,drop,below-recall-gate,
47291111,drop,off-topic,
47291118,drop,below-recall-gate,
47291121,drop,below-recall-gate,
47291128,drop,below-recall-gate,
47291131,drop,off-topic,
47291151,drop,below-recall-gate,
47291155,drop,below-recall-gate,
47291158,drop,below-recall-gate,
47291169,drop,below-recall-gate,
47291178,drop,below-recall-gate,
47291180,drop,below-recall-gate,
47291182,drop,below-recall-gate,
47291215,drop,below-recall-gate,
47291219,drop,below-recall-gate,
47291235,drop,below-recall-gate,
47291239,drop,off-topic,
47291242,drop,below-recall-gate,
47291278,drop,below-recall-gate,
47291280,drop,off-topic,
47291284,drop,below-recall-gate,
47291286,drop,below-recall-gate,
47291290,drop,off-topic,
47291303,drop,below-recall-gate,
47291326,drop,below-recall-gate,
47291352,drop,below-recall-gate,
47291366,drop,below-recall-gate,
47291408,drop,below-recall-gate,
47291433,drop,below-recall-gate,
47291439,drop,below-recall-gate,
47291461,drop,below-recall-gate,
47291462,drop,below-recall-gate,
47291468,drop,below-recall-gate,
47291477,drop,below-recall-gate,
47291499,drop,below-recall-gate,
47291507,drop,off-topic,
47291517,drop,off-topic,
47291516,drop,below-recall-gate,
47291523,drop,below-recall-gate,
47291605,drop,below-recall-gate,
47291627,drop,below-recall-gate,
47291628,drop,below-recall-gate,
47291633,drop,below-recall-gate,
47291650,drop,below-recall-gate,
47291651,drop,below-recall-gate,
47291671,drop,off-topic,
47291678,drop,below-recall-gate,
47291700,drop,below-recall-gate,
47291703,drop,below-recall-gate,
47291730,drop,below-recall-gate,
47291751,drop,below-recall-gate,
47291765,drop,below-recall-gate,
47291773,drop,off-topic,
47291781,drop,below-recall-gate,
47291780,drop,below-recall-gate,
47291791,drop,below-recall-gate,
47291799,drop,below-recall-gate,
47291803,drop,below-recall-gate,
47291812,drop,below-recall-gate,
47291884,drop,below-recall-gate,
47291890,drop,below-recall-gate,
47291896,drop,off-topic,
47291919,drop,below-recall-gate,
47291946,drop,below-recall-gate,
47291974,drop,below-recall-gate,
47291978,drop,below-recall-gate,
47291992,drop,below-recall-gate,
47292008,drop,below-recall-gate,
47292020,drop,below-recall-gate,
47292027,drop,below-recall-gate,
47292028,drop,below-recall-gate,
47292049,drop,below-recall-gate,
47292067,drop,off-topic,
47292110,drop,below-recall-gate,
47292118,drop,below-recall-gate,
47292154,drop,below-recall-gate,
47292200,drop,below-recall-gate,
47292201,drop,off-topic,
47292240,drop,below-recall-gate,
47292277,drop,below-recall-gate,
47292314,drop,below-recall-gate,
47292369,drop,below-recall-gate,
47292379,drop,below-recall-gate,
47292511,drop,below-recall-gate,
47292659,drop,below-recall-gate,
47292874,drop,below-recall-gate,
47293252,drop,off-topic,
47293454,drop,below-recall-gate,
47293551,drop,below-recall-gate,
47293701,drop,below-recall-gate,
47293758,drop,below-recall-gate,
47293931,drop,below-recall-gate,
47294166,drop,off-topic,
47295048,drop,below-recall-gate,
47295354,drop,below-recall-gate,
47295614,drop,below-recall-gate,
47297034,drop,below-recall-gate,
47297112,drop,below-recall-gate,
47297213,drop,below-recall-gate,
47297455,drop,below-recall-gate,
47298597,drop,off-topic,
47318715,drop,below-recall-gate,
47319565,drop,below-recall-gate,
47312509,drop,off-topic,
47331614,drop,off-topic,
47363707,drop,off-topic,
47364116,drop,technical-only,
47364511,drop,below-recall-gate,
47364930,drop,off-topic,
47365039,drop,below-recall-gate,
47365065,drop,below-recall-gate,
47365088,drop,below-recall-gate,
47365179,drop,below-recall-gate,
47365192,drop,off-topic,
47365202,drop,below-recall-gate,
47365258,drop,off-topic,
47365286,drop,below-recall-gate,
47365555,drop,off-topic,
47365572,drop,below-recall-gate,
47365607,drop,below-recall-gate,
47365647,drop,below-recall-gate,
47365699,drop,below-recall-gate,
47365726,drop,below-recall-gate,
47365727,drop,below-recall-gate,
47365786,drop,below-recall-gate,
47365822,drop,below-recall-gate,
47365847,drop,below-recall-gate,
47365898,drop,below-recall-gate,
47366088,drop,below-recall-gate,
47366164,drop,below-recall-gate,
47366264,drop,below-recall-gate,
47366486,drop,below-recall-gate,
47366671,drop,below-recall-gate,
47366867,drop,below-recall-gate,
47366971,drop,below-recall-gate,
47368285,drop,below-recall-gate,
47368629,drop,below-recall-gate,
47369149,drop,below-recall-gate,
47370003,drop,off-topic,
47370764,drop,off-topic,
47371132,drop,below-recall-gate,
47374454,drop,below-recall-gate,
47414911,drop,off-topic,
47414923,drop,off-topic,
47415022,drop,below-recall-gate,
47415204,drop,below-recall-gate,
47419067,drop,below-recall-gate,
47484634,drop,off-topic,
47484684,drop,off-topic,
47425573,drop,off-topic,
47425582,drop,off-topic,
47426104,drop,off-topic,
47457162,keep,,vendor-undermines-trust
47464108,drop,below-recall-gate,
47472634,drop,below-recall-gate,
47491373,drop,below-recall-gate,
47524966,drop,below-recall-gate,
47527791,drop,below-recall-gate,
47502997,drop,off-topic,
47526813,drop,technical-only,
47534314,drop,below-recall-gate,
47534384,drop,below-recall-gate,
47534660,drop,below-recall-gate,
47534885,drop,below-recall-gate,
47535016,drop,off-topic,
47535538,drop,below-recall-gate,
47535732,drop,below-recall-gate,
47538279,drop,off-topic,
47538579,drop,off-topic,
47532617,drop,off-topic,
47613622,drop,below-recall-gate,
47618945,keep,,trust-store-unmaintainable
47618571,drop,off-topic,
47618679,drop,below-recall-gate,
47618916,drop,below-recall-gate,
47619113,drop,off-topic,
47619964,drop,below-recall-gate,
47620277,drop,below-recall-gate,
47634378,drop,below-recall-gate,
47638257,drop,below-recall-gate,
47643216,drop,below-recall-gate,
47677583,drop,off-topic,
47688116,drop,off-topic,
47790924,drop,off-topic,
47827724,drop,below-recall-gate,
47833747,drop,off-topic,
47845590,drop,below-recall-gate,
47851405,drop,below-recall-gate,
47835218,drop,off-topic,
47835612,drop,below-recall-gate,
47836095,drop,below-recall-gate,
47849115,drop,off-topic,
47850854,drop,technical-only,
47851942,drop,below-recall-gate,
47863418,drop,off-topic,
47863648,drop,below-recall-gate,
47863844,drop,below-recall-gate,
47866246,drop,below-recall-gate,
47866666,drop,below-recall-gate,
47869410,drop,below-recall-gate,
47869725,drop,below-recall-gate,
47902426,drop,off-topic,
47904321,drop,off-topic,
47988268,drop,off-topic,
47988308,drop,below-recall-gate,
47988564,drop,below-recall-gate,
47988581,drop,below-recall-gate,
47988626,drop,below-recall-gate,
47988666,drop,off-topic,
47988747,drop,below-recall-gate,
47988768,drop,below-recall-gate,
47988784,drop,below-recall-gate,
47988786,drop,below-recall-gate,
47988792,drop,below-recall-gate,
47988795,drop,below-recall-gate,
47988816,drop,below-recall-gate,
47988829,drop,below-recall-gate,
47988833,drop,below-recall-gate,
47988834,drop,below-recall-gate,
47988853,drop,off-topic,
47988860,drop,below-recall-gate,
47988905,drop,below-recall-gate,
47988909,drop,below-recall-gate,
47988914,drop,below-recall-gate,
47988917,drop,below-recall-gate,
47988924,drop,below-recall-gate,
47988925,drop,below-recall-gate,
47988937,drop,below-recall-gate,
47988946,drop,below-recall-gate,
47988956,drop,below-recall-gate,
47988965,drop,below-recall-gate,
47989002,drop,below-recall-gate,
47989271,drop,below-recall-gate,
47989274,drop,off-topic,
47989370,drop,off-topic,
47989461,drop,off-topic,
47989543,drop,below-recall-gate,
47989601,drop,below-recall-gate,
47989753,drop,below-recall-gate,
47989784,drop,below-recall-gate,
47989871,drop,below-recall-gate,
47990026,drop,below-recall-gate,
47990119,drop,below-recall-gate,
47990521,drop,below-recall-gate,
47990534,drop,below-recall-gate,
47990907,drop,below-recall-gate,
47991020,drop,below-recall-gate,
47991090,drop,below-recall-gate,
47991097,drop,below-recall-gate,
47991133,drop,below-recall-gate,
47991154,drop,below-recall-gate,
47991167,drop,below-recall-gate,
47991378,drop,below-recall-gate,
47991402,drop,below-recall-gate,
47991448,drop,below-recall-gate,
47991468,drop,below-recall-gate,
47992004,drop,below-recall-gate,
47992056,drop,off-topic,
47992621,drop,below-recall-gate,
47992690,drop,below-recall-gate,
47992789,drop,below-recall-gate,
47992823,drop,below-recall-gate,
47992926,drop,below-recall-gate,
47993315,drop,below-recall-gate,
47993708,drop,below-recall-gate,
47993852,drop,below-recall-gate,
47994302,drop,below-recall-gate,
47994460,drop,below-recall-gate,
47994494,drop,below-recall-gate,
47994590,drop,below-recall-gate,
47994867,drop,below-recall-gate,
47995020,drop,below-recall-gate,
47995394,drop,below-recall-gate,
47995984,drop,below-recall-gate,
47996689,drop,below-recall-gate,
47996801,drop,below-recall-gate,
47996862,drop,below-recall-gate,
47997846,drop,below-recall-gate,
47998054,drop,below-recall-gate,
47998112,drop,below-recall-gate,
47998859,drop,below-recall-gate,
47998967,drop,off-topic,
47998970,drop,below-recall-gate,
47998972,drop,below-recall-gate,
47999414,drop,below-recall-gate,
47999808,drop,below-recall-gate,
48000989,drop,below-recall-gate,
48004012,drop,below-recall-gate,
48005054,drop,below-recall-gate,
48009263,drop,below-recall-gate,
48011497,drop,off-topic,
48014298,drop,below-recall-gate,
48018265,drop,below-recall-gate,
48029203,drop,below-recall-gate,
48033653,drop,below-recall-gate,
48034734,drop,off-topic,
48046191,drop,below-recall-gate,
48065754,drop,below-recall-gate,
48156407,drop,below-recall-gate,
48033724,drop,below-recall-gate,
48046281,drop,below-recall-gate,
48055695,drop,below-recall-gate,
48060626,drop,off-topic,
48117476,keep,,warning-cannot-be-satisfied
48120260,drop,technical-only,
48147116,drop,below-recall-gate,
48140339,drop,below-recall-gate,
48195021,drop,technical-only,
48195611,drop,off-topic,
48195892,drop,technical-only,
48195927,drop,below-recall-gate,
48195945,drop,below-recall-gate,
48196172,drop,below-recall-gate,
48196189,drop,below-recall-gate,
48196226,drop,below-recall-gate,
48196293,drop,technical-only,
48196395,drop,below-recall-gate,
48196628,drop,below-recall-gate,
48197295,drop,below-recall-gate,
48197543,drop,below-recall-gate,
48198174,drop,off-topic,
48198282,drop,below-recall-gate,
48198309,drop,below-recall-gate,
48198440,drop,off-topic,
48198526,drop,below-recall-gate,
48199071,drop,off-topic,
48199073,drop,below-recall-gate,
48199083,drop,below-recall-gate,
48200273,drop,off-topic,
48201019,drop,below-recall-gate,
48201046,drop,below-recall-gate,
48201255,drop,below-recall-gate,
48201496,drop,below-recall-gate,
48204842,drop,below-recall-gate,
48222652,drop,off-topic,
48201140,drop,off-topic,
48229313,drop,below-recall-gate,
48229314,keep,,control-teaches-opposite
48230005,drop,below-recall-gate,
48230345,drop,below-recall-gate,
48236579,drop,below-recall-gate,
48236870,drop,below-recall-gate,
48285727,drop,below-recall-gate,
48309986,drop,off-topic,
48313227,drop,below-recall-gate,
48313291,drop,below-recall-gate,
48313680,drop,below-recall-gate,
48315374,drop,below-recall-gate,
48315511,drop,below-recall-gate,
48316780,drop,below-recall-gate,
48317177,drop,below-recall-gate,
48317302,drop,below-recall-gate,
48317611,drop,below-recall-gate,
48318314,drop,below-recall-gate,
48319975,drop,below-recall-gate,
48320005,drop,below-recall-gate,
48327153,drop,below-recall-gate,
48327209,drop,off-topic,
48328688,drop,off-topic,
48328764,drop,below-recall-gate,
48355600,drop,below-recall-gate,
48357062,drop,below-recall-gate,
48370101,drop,below-recall-gate,
48370836,drop,below-recall-gate,
48370995,drop,below-recall-gate,
48371188,drop,below-recall-gate,
48452178,drop,below-recall-gate,
48356768,drop,off-topic,
48383747,drop,below-recall-gate,
48453224,drop,off-topic,
48453497,drop,off-topic,
48455437,drop,below-recall-gate,
48456851,drop,below-recall-gate,
48457060,drop,below-recall-gate,
48465979,drop,below-recall-gate,
48461287,drop,off-topic,
48548381,drop,off-topic,
48549146,drop,below-recall-gate,
48551333,drop,below-recall-gate,
48555593,drop,off-topic,
48647290,drop,below-recall-gate,
48558502,drop,off-topic,
48562859,keep,,sanctioned-mitm
48563100,keep,,informed-acceptance
48574441,keep,,sanctioned-mitm
48574856,drop,technical-only,
48563191,drop,off-topic,
48619779,drop,technical-only,
48691461,drop,off-topic,
48695506,drop,below-recall-gate,
48801698,drop,off-topic,
48696609,drop,below-recall-gate,
48696739,drop,below-recall-gate,
48697062,drop,below-recall-gate,
48697266,drop,below-recall-gate,
48746752,drop,technical-only,
48747824,drop,below-recall-gate,
48747853,drop,below-recall-gate,
48748076,drop,below-recall-gate,
48748259,drop,below-recall-gate,
48748541,drop,below-recall-gate,
48749021,drop,below-recall-gate,
48749133,drop,below-recall-gate,
48749608,drop,below-recall-gate,
48749984,drop,below-recall-gate,
48750064,drop,below-recall-gate,
48750605,drop,below-recall-gate,
48750671,drop,below-recall-gate,
48750683,drop,below-recall-gate,
48750783,drop,below-recall-gate,
48751018,drop,off-topic,
48751285,drop,below-recall-gate,
48751327,drop,below-recall-gate,
48753186,drop,below-recall-gate,
48753512,drop,below-recall-gate,
48753516,drop,below-recall-gate,
48753588,drop,below-recall-gate,
48753778,drop,below-recall-gate,
48756528,drop,below-recall-gate,
48757534,drop,below-recall-gate,
48757623,drop,below-recall-gate,
48759996,drop,technical-only,
48760851,drop,below-recall-gate,
48762862,drop,technical-only,
48763255,drop,below-recall-gate,
48763296,drop,below-recall-gate,
48763334,drop,below-recall-gate,
48763344,drop,below-recall-gate,
48763356,drop,below-recall-gate,
48763357,drop,below-recall-gate,
48763396,drop,below-recall-gate,
48763448,drop,below-recall-gate,
48763576,drop,below-recall-gate,
48763594,drop,below-recall-gate,
48763867,drop,below-recall-gate,
48764103,drop,below-recall-gate,
48764162,drop,below-recall-gate,
48764167,drop,below-recall-gate,
48764194,drop,below-recall-gate,
48764208,drop,below-recall-gate,
48764224,drop,below-recall-gate,
48764383,drop,below-recall-gate,
48764397,drop,below-recall-gate,
48764725,drop,below-recall-gate,
48765522,drop,below-recall-gate,
48765925,drop,below-recall-gate,
48766018,drop,below-recall-gate,
48766153,drop,below-recall-gate,
48766570,drop,off-topic,
48766774,drop,below-recall-gate,
48766857,drop,below-recall-gate,
48767171,drop,below-recall-gate,
48767413,drop,below-recall-gate,
48767849,drop,below-recall-gate,
48768239,drop,below-recall-gate,
48774895,drop,below-recall-gate,
48774915,drop,below-recall-gate,
48777690,drop,below-recall-gate,
48782955,drop,below-recall-gate,
48806479,drop,off-topic,
48806884,drop,off-topic,
48807808,drop,off-topic,
48810424,drop,technical-only,
48830015,drop,below-recall-gate,
48836288,drop,technical-only,
48836564,drop,below-recall-gate,
48872847,drop,off-topic,
48878626,drop,below-recall-gate,
48882164,drop,below-recall-gate,
48918150,drop,below-recall-gate,
48918408,drop,below-recall-gate,
48918804,drop,below-recall-gate,
48918929,drop,below-recall-gate,
48918941,drop,below-recall-gate,
48919122,drop,below-recall-gate,
48919380,drop,below-recall-gate,
48919508,drop,below-recall-gate,
48920094,drop,below-recall-gate,
48920536,drop,below-recall-gate,
48922551,drop,below-recall-gate,
48922706,drop,technical-only,
48925999,drop,below-recall-gate,
48926062,drop,below-recall-gate,
48931581,drop,off-topic,
48932333,drop,below-recall-gate,
48933325,drop,below-recall-gate,
48933379,drop,below-recall-gate,
48937450,drop,off-topic,
48937493,drop,below-recall-gate,
48937563,drop,below-recall-gate,
48937573,drop,below-recall-gate,
48938793,drop,below-recall-gate,
48945397,drop,below-recall-gate,
48952601,drop,below-recall-gate,
48967813,drop,below-recall-gate,
48967936,drop,below-recall-gate,
49103513,drop,below-recall-gate,
48931713,drop,off-topic,
48931950,drop,below-recall-gate,
48945109,drop,below-recall-gate,
48937020,drop,technical-only,
48937601,drop,below-recall-gate,
48937839,drop,below-recall-gate,
48937908,drop,below-recall-gate,
48937975,drop,below-recall-gate,
48939206,drop,below-recall-gate,
48939450,drop,below-recall-gate,
48940301,drop,off-topic,
48941116,drop,technical-only,
48941604,drop,below-recall-gate,
48941910,drop,below-recall-gate,
48942550,drop,off-topic,
48942871,drop,below-recall-gate,
48946483,drop,below-recall-gate,
48955885,drop,below-recall-gate,
48975547,drop,off-topic,
48988614,drop,below-recall-gate,
48937605,drop,below-recall-gate,
48941510,drop,off-topic,
48956370,drop,off-topic,
48956888,drop,off-topic,
48958858,drop,below-recall-gate,
48965373,drop,off-topic,
48964176,drop,below-recall-gate,
48969782,drop,below-recall-gate,
48979474,drop,off-topic,
48979723,drop,below-recall-gate,
48980065,drop,below-recall-gate,
48983969,drop,off-topic,
48984940,drop,below-recall-gate,
48981136,drop,technical-only,
48981267,drop,off-topic,
48981321,drop,below-recall-gate,
48981354,drop,below-recall-gate,
48981382,drop,below-recall-gate,
48981430,drop,below-recall-gate,
48981468,drop,below-recall-gate,
48981492,drop,below-recall-gate,
48981520,drop,off-topic,
48981534,drop,below-recall-gate,
48981552,drop,technical-only,
48981615,drop,below-recall-gate,
48981624,drop,off-topic,
48981676,drop,below-recall-gate,
48981702,drop,below-recall-gate,
48981720,drop,below-recall-gate,
48981840,drop,below-recall-gate,
48981989,drop,below-recall-gate,
48982043,drop,below-recall-gate,
48982076,drop,below-recall-gate,
48982284,drop,below-recall-gate,
48982399,drop,below-recall-gate,
48982486,drop,below-recall-gate,
48982506,drop,off-topic,
48982555,drop,below-recall-gate,
48982601,drop,below-recall-gate,
48982668,drop,below-recall-gate,
48982725,drop,below-recall-gate,
48982734,drop,below-recall-gate,
48982741,drop,off-topic,
48982844,drop,below-recall-gate,
48982894,drop,below-recall-gate,
48983035,drop,off-topic,
48983058,drop,below-recall-gate,
48983071,drop,below-recall-gate,
48983323,drop,below-recall-gate,
48983596,drop,below-recall-gate,
48983608,drop,below-recall-gate,
48983678,drop,below-recall-gate,
48984392,drop,below-recall-gate,
48984520,drop,below-recall-gate,
48984624,drop,off-topic,
48984769,drop,below-recall-gate,
48984818,drop,below-recall-gate,
48984870,drop,below-recall-gate,
48984947,drop,below-recall-gate,
48985274,drop,off-topic,
48985341,drop,below-recall-gate,
48985410,drop,below-recall-gate,
48986898,drop,off-topic,
48987201,drop,below-recall-gate,
48987437,drop,below-recall-gate,
48988319,drop,below-recall-gate,
48988338,drop,below-recall-gate,
48988345,drop,below-recall-gate,
48988375,drop,below-recall-gate,
48988545,drop,below-recall-gate,
48988864,drop,below-recall-gate,
48989330,drop,off-topic,
48990006,drop,below-recall-gate,
48990341,drop,below-recall-gate,
48990416,drop,below-recall-gate,
48991504,drop,off-topic,
48992376,drop,off-topic,
48992912,drop,below-recall-gate,
48993064,drop,off-topic,
49002315,drop,below-recall-gate,
49002364,drop,below-recall-gate,
49012793,drop,technical-only,
49017646,drop,below-recall-gate,
48981438,drop,off-topic,
48991266,drop,off-topic,
48993003,drop,off-topic,
48995209,drop,below-recall-gate,
49006862,drop,off-topic,
49009274,drop,below-recall-gate,
49023427,drop,technical-only,
49024768,drop,below-recall-gate,
49025055,drop,technical-only,
49025087,drop,below-recall-gate,
49025146,drop,below-recall-gate,
49025572,drop,below-recall-gate,
49025640,drop,below-recall-gate,
49025779,drop,below-recall-gate,
49026374,drop,below-recall-gate,
49026499,drop,below-recall-gate,
49027288,drop,below-recall-gate,
49030527,drop,below-recall-gate,
49024620,drop,technical-only,
49024761,drop,off-topic,
49025096,drop,below-recall-gate,
49025107,drop,below-recall-gate,
49025518,drop,below-recall-gate,
49025800,drop,below-recall-gate,
49025939,drop,off-topic,
49025976,drop,below-recall-gate,
49026319,drop,below-recall-gate,
49026450,drop,below-recall-gate,
49026466,drop,off-topic,
49026594,drop,below-recall-gate,
49026609,drop,below-recall-gate,
49026720,drop,below-recall-gate,
49026790,drop,below-recall-gate,
49026824,drop,off-topic,
49027058,drop,off-topic,
49028025,drop,below-recall-gate,
49028202,drop,below-recall-gate,
49028293,drop,below-recall-gate,
49028462,drop,below-recall-gate,
49031269,drop,below-recall-gate,
49031437,drop,below-recall-gate,
49033472,drop,off-topic,
49035220,drop,below-recall-gate,
49037707,drop,below-recall-gate,
49039177,drop,below-recall-gate,
49064231,drop,below-recall-gate,
49071736,drop,below-recall-gate,
49071788,drop,below-recall-gate,
49093110,drop,off-topic,
49044039,drop,off-topic,
49049796,keep,,designing-against-click-through
49118166,drop,below-recall-gate,
49055227,drop,off-topic,
49060868,drop,off-topic,
49061129,drop,below-recall-gate,
49074011,drop,below-recall-gate,
49063031,drop,technical-only,
49064283,drop,off-topic,
49087187,keep,,designing-against-click-through
49094760,drop,technical-only,
49098829,drop,off-topic,
49099094,drop,off-topic,
49099809,drop,off-topic,
49099947,drop,below-recall-gate,
49101492,drop,off-topic,
49109023,drop,below-recall-gate,
49122867,drop,below-recall-gate,
49102863,keep,,designing-against-click-through
49103367,drop,off-topic,
49105219,drop,below-recall-gate,
49105249,drop,below-recall-gate,
49105766,drop,below-recall-gate,
49107530,drop,below-recall-gate,
49108406,drop,below-recall-gate,
49110229,drop,below-recall-gate,
49109721,drop,technical-only,
49110331,drop,below-recall-gate,
49110587,drop,below-recall-gate,
49110691,drop,below-recall-gate,
49110723,drop,below-recall-gate,
49110728,drop,below-recall-gate,
49110868,drop,off-topic,
49111249,drop,below-recall-gate,
49111303,drop,off-topic,
49111697,drop,below-recall-gate,
49111784,drop,below-recall-gate,
49112434,drop,below-recall-gate,
49112833,drop,below-recall-gate,
49112886,drop,below-recall-gate,
49112979,drop,below-recall-gate,
49113276,drop,below-recall-gate,
49113288,drop,below-recall-gate,
49113298,drop,below-recall-gate,
49114524,drop,below-recall-gate,
49114794,drop,off-topic,
49114802,drop,below-recall-gate,
49114895,drop,below-recall-gate,
49115208,drop,below-recall-gate,
49116467,drop,below-recall-gate,
49116626,drop,off-topic,
49116687,drop,below-recall-gate,
49116711,drop,below-recall-gate,
49116737,drop,below-recall-gate,
49116767,drop,below-recall-gate,
49117481,drop,below-recall-gate,
49120057,drop,below-recall-gate,
49120190,drop,below-recall-gate,
49123180,drop,below-recall-gate,
49124973,drop,below-recall-gate,
49156403,drop,below-recall-gate,
49157839,drop,off-topic,
49158049,drop,below-recall-gate,
49160849,drop,below-recall-gate,
49195017,drop,below-recall-gate,
49158160,drop,off-topic,
49166289,drop,off-topic,
49168586,drop,below-recall-gate,
49170377,drop,off-topic,
49196359,drop,below-recall-gate,
49232136,drop,off-topic,
49263297,drop,below-recall-gate,
49237498,drop,below-recall-gate,
49273549,drop,below-recall-gate,
49287151,drop,below-recall-gate,
49305628,drop,below-recall-gate,
49343029,drop,below-recall-gate,
49356146,drop,below-recall-gate,
49370582,drop,below-recall-gate,
49344085,drop,below-recall-gate,
49483295,drop,below-recall-gate,
49348136,drop,technical-only,
49349036,drop,below-recall-gate,
49349140,drop,below-recall-gate,
49349209,drop,below-recall-gate,
49349399,drop,below-recall-gate,
49350118,drop,below-recall-gate,
49350315,drop,below-recall-gate,
49350657,drop,below-recall-gate,
49350756,drop,below-recall-gate,
49350790,drop,below-recall-gate,
49350900,drop,below-recall-gate,
49350983,drop,off-topic,
49351059,drop,below-recall-gate,
49354202,drop,below-recall-gate,
49355016,drop,below-recall-gate,
49356927,drop,below-recall-gate,
49362054,drop,below-recall-gate,
49366901,drop,below-recall-gate,
49394414,drop,below-recall-gate,
49353290,drop,off-topic,
49363710,drop,off-topic,
49364385,drop,below-recall-gate,
49364395,drop,off-topic,
49364474,drop,below-recall-gate,
49364549,drop,below-recall-gate,
49364820,drop,off-topic,
49364991,drop,below-recall-gate,
49365207,drop,below-recall-gate,
49365431,drop,below-recall-gate,
49366194,drop,off-topic,
49366268,drop,below-recall-gate,
49367087,drop,below-recall-gate,
49370683,drop,below-recall-gate,
49370798,drop,below-recall-gate,
49370999,drop,below-recall-gate,
49385790,drop,below-recall-gate,
49392915,drop,off-topic,
49394663,drop,off-topic,
49404848,drop,off-topic,
49406200,drop,off-topic,
49425460,drop,off-topic,
49432200,drop,off-topic,
49487702,drop,off-topic,
49582081,drop,below-recall-gate,
49378903,drop,off-topic,
49466358,drop,below-recall-gate,
49466704,drop,technical-only,
49472355,drop,below-recall-gate,
49477547,drop,below-recall-gate,
49477853,drop,below-recall-gate,
49479539,drop,below-recall-gate,
49479560,drop,below-recall-gate,
49480978,drop,below-recall-gate,
49481006,drop,off-topic,
49507259,drop,technical-only,
49507675,drop,below-recall-gate,
49509036,drop,below-recall-gate,
49519639,drop,off-topic,
49520067,drop,below-recall-gate,
49520445,drop,below-recall-gate,
49520885,drop,below-recall-gate,
49521097,drop,below-recall-gate,
49521696,drop,below-recall-gate,
49522400,drop,below-recall-gate,
49524250,drop,below-recall-gate,
49525033,drop,below-recall-gate,
49531112,drop,below-recall-gate,
49534941,drop,off-topic,
49524246,drop,off-topic,
49524437,drop,below-recall-gate,
49524381,drop,below-recall-gate,
49524681,drop,below-recall-gate,
49536840,drop,off-topic,
49538195,drop,off-topic,
49538964,drop,below-recall-gate,
49539184,drop,below-recall-gate,
49553711,drop,below-recall-gate,
49564408,drop,below-recall-gate,
49548892,drop,below-recall-gate,
49564895,drop,below-recall-gate,
49565799,drop,technical-only,
49566249,drop,below-recall-gate,
49567129,drop,below-recall-gate,
49586069,drop,below-recall-gate,
49588993,drop,below-recall-gate,
49595797,keep,,habituation-by-design
49604092,drop,below-recall-gate,
49645657,drop,below-recall-gate,
49647883,drop,off-topic,
49648804,drop,off-topic,
49669858,drop,off-topic,
49671542,drop,off-topic,
